batter,batsman_runs,balls_faced,strike_rate
PD Salt,653,372,175.53763440860214
AD Russell,2488,1423,174.84188334504566
TM Head,772,444,173.87387387387386
T Stubbs,405,233,173.8197424892704
TH David,659,387,170.28423772609818
H Klaasen,993,590,168.3050847457627
SP Narine,1534,925,165.83783783783784
LS Livingstone,939,578,162.4567474048443
N Pooran,1769,1092,161.996336996337
Rashid Khan,545,337,161.72106824925817
Shashank Singh,423,262,161.45038167938932
RM Patidar,799,503,158.84691848906562
GJ Maxwell,2772,1769,156.69869983041266
V Sehwag,2728,1755,155.44159544159544
CH Morris,618,398,155.27638190954772
Abhishek Sharma,1377,887,155.24239007891768
C Green,707,460,153.69565217391303
RR Rossouw,473,308,153.57142857142858
SO Hetmyer,1243,812,153.07881773399015
Abishek Porel,360,236,152.54237288135593
AB de Villiers,5181,3411,151.8909410729991
Dhruv Jurel,347,229,151.528384279476
JM Sharma,730,483,151.13871635610764
YBK Jaiswal,1607,1067,150.6091846298032
PJ Cummins,515,344,149.7093023255814
CH Gayle,4997,3346,149.34249850567844
RR Pant,3297,2215,148.8487584650113
KA Pollard,3437,2329,147.57406612279948
R Powell,360,244,147.54098360655738
PP Shaw,1892,1283,147.4668745128605
JC Buttler,3583,2430,147.4485596707819
S Dube,1502,1024,146.6796875
Tilak Varma,1156,790,146.32911392405063
P Simran Singh,756,517,146.22823984526113
Abdul Samad,579,397,145.84382871536522
HH Pandya,2534,1739,145.71592869465212
SA Yadav,3594,2474,145.2708164915117
JM Bairstow,1589,1100,144.45454545454547
ST Jayasuriya,768,532,144.36090225563908
KR Mayers,379,263,144.106463878327
YK Pathan,3222,2245,143.51893095768372
RK Singh,893,623,143.338683788122
Nithish Kumar Reddy,303,212,142.9245283018868
MP Stoinis,1866,1314,142.00913242009133
JA Morkel,975,687,141.92139737991266
HM Amla,577,407,141.76904176904176
MM Ali,1162,821,141.5347137637028
M Shahrukh Khan,553,391,141.43222506393863
MK Lomror,527,373,141.28686327077747
DP Conway,924,654,141.28440366972478
CA Lynn,1329,945,140.63492063492063
N Wadhera,350,250,140.0
DA Warner,6567,4702,139.6639727775415
RA Tripathi,2236,1605,139.31464174454828
DA Miller,2924,2101,139.17182294145644
B Sai Sudharsan,1034,743,139.16554508748317
SV Samson,4419,3180,138.96226415094338
SN Thakur,307,221,138.91402714932127
RN ten Doeschate,326,235,138.72340425531914
JJ Roy,614,443,138.6004514672686
AC Gilchrist,2069,1495,138.39464882943145
SR Watson,3880,2813,137.93103448275863
Harbhajan Singh,833,604,137.91390728476821
MS Dhoni,5243,3812,137.53934942287515
ML Hayden,1107,806,137.34491315136478
NLTC Perera,424,309,137.2168284789644
VR Iyer,1326,967,137.12512926577043
E Lewis,654,477,137.1069182389937
RD Gaikwad,2380,1739,136.860264519839
SK Raina,5536,4046,136.82649530400394
SM Curran,883,647,136.47604327666153
F du Plessis,4571,3352,136.36634844868735
JR Hopes,417,306,136.27450980392157
Ishan Kishan,2644,1946,135.86844809866392
Shubman Gill,3216,2370,135.69620253164555
KD Karthik,4843,3580,135.27932960893853
DR Smith,2385,1764,135.20408163265304
R Parag,1173,868,135.13824884792626
JP Faulkner,527,390,135.12820512820514
N Rana,2636,1952,135.04098360655738
KP Pietersen,1001,743,134.72409152086138
R Tewatia,1013,752,134.70744680851064
C de Grandhomme,303,225,134.66666666666666
KL Rahul,4689,3485,134.54806312769009
Q de Kock,3160,2355,134.18259023354565
A Badoni,634,473,134.03805496828753
BA Stokes,935,698,133.9541547277937
Rahmanullah Gurbaz,289,216,133.7962962962963
MA Agarwal,2669,2002,133.3166833166833
SE Marsh,2489,1871,133.0304649919829
KH Pandya,1647,1240,132.82258064516128
V Kohli,8014,6069,132.04811336299224
JD Ryder,604,458,131.87772925764193
BB McCullum,2882,2190,131.59817351598173
DJ Mitchell,351,267,131.46067415730337
RG Sharma,6630,5057,131.10539845758356
AR Patel,1653,1263,130.87885985748218
M Vohra,1083,829,130.63932448733414
SN Khan,585,448,130.58035714285714
RV Uthappa,4954,3801,130.33412259931595
OA Shah,506,389,130.0771208226221
A Symonds,974,750,129.86666666666667
V Shankar,1115,859,129.80209545983703
Yuvraj Singh,2754,2122,129.78322337417532
RA Jadeja,2959,2280,129.78070175438597
AK Markram,995,767,129.72620599739244
SW Billings,503,388,129.63917525773198
DJ Bravo,1560,1204,129.56810631229237
DJ Hooda,1466,1132,129.5053003533569
STR Binny,880,683,128.84333821376282
SPD Smith,2495,1945,128.2776349614396
Azhar Mahmood,388,303,128.05280528052805
AJ Finch,2092,1635,127.95107033639144
CL White,971,760,127.76315789473685
KK Nair,1496,1171,127.75405636208367
MR Marsh,665,521,127.6391554702495
WP Saha,2934,2300,127.56521739130436
AT Rayudu,4348,3409,127.54473452625403
SS Iyer,3131,2455,127.5356415478615
MV Boucher,394,309,127.50809061488673
CJ Anderson,538,423,127.18676122931443
S Dhawan,6769,5326,127.09350356740518
MC Henriques,1000,788,126.90355329949239
LMP Simmons,1079,852,126.6431924882629
P Negi,365,289,126.29757785467129
S Sohal,368,292,126.02739726027397
AD Mathews,724,575,125.91304347826086
KS Williamson,2132,1697,125.63347083087801
BJ Hodge,1400,1118,125.22361359570662
SA Asnodkar,423,339,124.7787610619469
Shakib Al Hasan,795,639,124.4131455399061
AP Tare,339,273,124.17582417582418
JP Duminy,2029,1636,124.02200488997555
G Gambhir,4217,3404,123.88366627497062
LRPL Taylor,1017,822,123.72262773722629
DPMD Jayawardene,1808,1464,123.49726775956285
AM Rahane,4642,3761,123.42462111140655
D Padikkal,1559,1266,123.1437598736177
KM Jadhav,1208,981,123.13965341488277
DJ Hussey,1322,1075,122.97674418604652
Mandeep Singh,1706,1388,122.91066282420748
LA Pomersbach,302,246,122.76422764227641
JO Holder,259,211,122.74881516587676
HV Patel,249,203,122.66009852216749
MEK Hussey,1977,1612,122.64267990074443
EJG Morgan,1406,1148,122.47386759581882
DJG Sammy,295,241,122.40663900414938
GJ Bailey,663,544,121.875
Shahbaz Ahmed,536,440,121.81818181818183
M Vijay,2619,2150,121.81395348837209
MK Pandey,3859,3183,121.2378259503613
KC Sangakkara,1687,1392,121.19252873563218
Gurkeerat Singh,511,422,121.09004739336493
IK Pathan,1150,950,121.05263157894737
PC Valthaty,505,418,120.8133971291866
PA Patel,2848,2358,120.78032230703985
R Bhatia,342,284,120.4225352112676
SS Tiwary,1494,1244,120.09646302250805
SR Tendulkar,2334,1948,119.81519507186857
KV Sharma,351,294,119.38775510204083
Anuj Rawat,318,267,119.10112359550563
S Badrinath,1441,1212,118.8943894389439
R Ashwin,800,675,118.5185185185185
NV Ojha,1554,1313,118.35491241431835
DB Ravi Teja,375,317,118.29652996845425
Y Venugopal Rao,985,836,117.82296650717703
TL Suman,676,575,117.56521739130434
RS Bopara,531,453,117.21854304635761
MK Tiwary,1695,1449,116.97722567287785
R Sathish,270,231,116.88311688311688
DB Das,304,261,116.47509578544062
AM Nayar,672,577,116.46447140381282
Washington Sundar,378,325,116.3076923076923
LR Shukla,405,350,115.71428571428572
DT Christian,460,398,115.57788944723617
R Dravid,2174,1882,115.5154091392136
TM Dilshan,1153,1007,114.49851042701091
MD Mishra,237,208,113.9423076923077
J Botha,409,359,113.9275766016713
MS Bisla,798,702,113.67521367521367
PK Garg,273,241,113.27800829875518
R Vinay Kumar,310,274,113.13868613138686
AL Menaria,401,356,112.64044943820224
B Chipli,280,251,111.55378486055776
PP Chawla,624,563,110.8348134991119
GC Smith,739,668,110.62874251497006
Y Nagar,285,259,110.03861003861005
HH Gibbs,886,807,109.78934324659231
M Manhas,514,470,109.36170212765957
JH Kallis,2427,2222,109.22592259225922
JEC Franklin,327,301,108.63787375415282
P Kumar,340,314,108.28025477707006
SC Ganguly,1349,1263,106.80918448139352
VVS Laxman,282,267,105.61797752808988
Lalit Yadav,305,290,105.17241379310344
M Kaif,259,250,103.60000000000001
UT Yadav,208,201,103.48258706467661
AA Jhunjhunwala,217,210,103.33333333333334
UBT Chand,300,300,100.0
CA Pujara,390,391,99.74424552429667
SP Goswami,293,295,99.32203389830508
K Goel,218,231,94.37229437229438
B Kumar,306,326,93.86503067484662
SK Warne,198,214,92.5233644859813
A Mishra,381,419,90.9307875894988
GH Vihari,284,321,88.47352024922118
Kuldeep Yadav,183,216,84.72222222222221
